<?xml version="1.0" encoding="UTF-8"?>
<metadata xml:lang="en">
	<idinfo>
		<citation>
			<citeinfo>
				<origin>California Air Resources Board</origin>
				<pubdate>10/27/2004</pubdate>
				<title Sync="TRUE">airmonitoringstations</title>
				<geoform Sync="TRUE">vector digital data</geoform>
				<onlink Sync="TRUE">\\CLUSTER_USERSD_SERVER\USERSD\PTSD\BRANCH\AQDB\SHARED\DataMgt\Staff\Pheng\NAMSLAMS2002-2004\airmonitoringstations.shp</onlink>
				<ftname Sync="TRUE">airmonitoringstations</ftname></citeinfo>
		</citation>
		<descript>
			<abstract>All air monitoring stations active in California in the last 3 years (2002 - 2004).</abstract>
			<purpose>Develop for the California Air Resources Board (ARB) GIS data library.  The data within the shapefile is obtain from ARB's database ADAM.</purpose>
			<supplinf>ADAM is the official database that stores regulatory air quality data for ARB.</supplinf>
			<langdata Sync="TRUE">en</langdata></descript>
		<timeperd>
			<timeinfo>
				<sngdate>
					<caldate>10/27/2004</caldate>
				</sngdate>
			</timeinfo>
			<current>publication date</current>
		</timeperd>
		<status>
			<progress>Complete</progress>
			<update>As needed</update>
		</status>
		<spdom>
			<bounding>
				<westbc Sync="TRUE">-124.218186</westbc>
				<eastbc Sync="TRUE">-113.986895</eastbc>
				<northbc Sync="TRUE">41.834014</northbc>
				<southbc Sync="TRUE">32.265493</southbc>
			</bounding>
			<lboundng><leftbc Sync="TRUE">-351221.058890</leftbc><rightbc Sync="TRUE">501013.905242</rightbc><bottombc Sync="TRUE">-624485.505423</bottombc><topbc Sync="TRUE">423840.892732</topbc></lboundng></spdom>
		<keywords>
			<theme>
				<themekey>Air monitoring stations, CHAPIS, sites, stations</themekey>
				<themekt>Air monitoring stations, CHAPIS, sites, stations</themekt></theme>
		</keywords>
		<accconst>none</accconst>
		<useconst>none</useconst>
		<ptcontac>
			<cntinfo>
				<cntorgp>
					<cntorg>California Air Resources Board</cntorg>
					<cntper>Pheng Timothy Lee</cntper>
				</cntorgp>
				<cntpos>Air Pollution Specialist</cntpos>
				<cntvoice>916-445-6059</cntvoice>
				<cntemail>plee@arb.ca.gov</cntemail>
				<hours>M-F 8-5</hours>
				<cntaddr><addrtype>mailing address</addrtype><address>1001 I Street</address><city>Sacramento</city><state>CA</state><postal>95812</postal><country>USA</country></cntaddr></cntinfo>
		</ptcontac>
		<browse>
			<browsen>AirMonitoringStations.shp</browsen>
			<browsed>An GIS shapefile of air monitoring stations for the past 3 years in California.</browsed>
			<browset>.shp</browset>
		</browse>
		<secinfo>
			<secclass>Unclassified</secclass>
		</secinfo>
		<native Sync="TRUE">Microsoft Windows 2000 Version 5.0 (Build 2195) Service Pack 2; ESRI ArcCatalog 8.2.0.700</native>
		<natvform Sync="TRUE">Shapefile</natvform><crossref><citeinfo><origin>California Air Resources Board</origin><pubdate>10/27/2004</pubdate><title>Air Monitoring Stations in California</title><edition>version 2</edition></citeinfo></crossref></idinfo>
	<spdoinfo>
		<direct Sync="TRUE">Vector</direct>
		<ptvctinf>
			<sdtsterm Name="airmonitoringstations">
				<sdtstype Sync="TRUE">Entity point</sdtstype>
				<ptvctcnt Sync="TRUE">296</ptvctcnt>
			</sdtsterm>
			<esriterm Name="airmonitoringstations"><efeatyp Sync="TRUE">Simple</efeatyp><efeageom Sync="TRUE">Point</efeageom><esritopo Sync="TRUE">FALSE</esritopo><efeacnt Sync="TRUE">296</efeacnt><spindex Sync="TRUE">FALSE</spindex><linrefer Sync="TRUE">FALSE</linrefer></esriterm></ptvctinf>
	</spdoinfo>
	<spref>
		<horizsys>
			<planar>
				<planci>
					<plance Sync="TRUE">coordinate pair</plance>
					<coordrep>
						<absres Sync="TRUE">0.002048</absres>
						<ordres Sync="TRUE">0.002048</ordres>
					</coordrep>
					<plandu Sync="TRUE">meters</plandu>
				</planci>
				<mapproj><mapprojn Sync="TRUE">Albers Conical Equal Area</mapprojn><albers><stdparll Sync="TRUE">34.000000</stdparll><stdparll Sync="TRUE">40.500000</stdparll><longcm Sync="TRUE">-120.000000</longcm><feast Sync="TRUE">0.000000</feast><fnorth Sync="TRUE">-4000000.000000</fnorth></albers></mapproj></planar>
			<geodetic>
				<horizdn Sync="TRUE">North American Datum of 1927</horizdn>
				<ellips Sync="TRUE">Clarke 1866</ellips>
				<semiaxis Sync="TRUE">6378206.400000</semiaxis>
				<denflat Sync="TRUE">294.978698</denflat>
			</geodetic>
			<cordsysn><geogcsn Sync="TRUE">GCS_North_American_1927</geogcsn><projcsn Sync="TRUE">Custom</projcsn></cordsysn></horizsys>
	</spref>
	<eainfo>
		<detailed Name="airmonitoringstations">
			<enttyp>
				<enttypl Sync="TRUE">airmonitoringstations</enttypl>
				<enttypt Sync="TRUE">Feature Class</enttypt><enttypc Sync="TRUE">296</enttypc></enttyp>
			<attr>
				<attrlabl Sync="TRUE">FID</attrlabl>
				<attrdef Sync="TRUE">Internal feature number.</attrdef>
				<attrdefs Sync="TRUE">ESRI</attrdefs>
				<attrdomv>
					<udom Sync="TRUE">Sequential unique whole numbers that are automatically generated.</udom>
				</attrdomv>
				<attalias Sync="TRUE">FID</attalias><attrtype Sync="TRUE">OID</attrtype><attwidth Sync="TRUE">4</attwidth><atprecis Sync="TRUE">0</atprecis><attscale Sync="TRUE">0</attscale></attr>
			<attr>
				<attrlabl Sync="TRUE">Shape</attrlabl>
				<attrdef Sync="TRUE">Feature geometry.</attrdef>
				<attrdefs Sync="TRUE">ESRI</attrdefs>
				<attrdomv>
					<udom Sync="TRUE">Coordinates defining the features.</udom>
				</attrdomv>
				<attalias Sync="TRUE">Shape</attalias><attrtype Sync="TRUE">Geometry</attrtype><attwidth Sync="TRUE">0</attwidth><atprecis Sync="TRUE">0</atprecis><attscale Sync="TRUE">0</attscale></attr>
			<attr>
				<attrlabl Sync="TRUE">ADAMSITEID</attrlabl>
				<attalias Sync="TRUE">ADAMSITEID</attalias><attrtype Sync="TRUE">Number</attrtype><attwidth Sync="TRUE">4</attwidth></attr>
			<attr>
				<attrlabl Sync="TRUE">AIRSSITEID</attrlabl>
				<attalias Sync="TRUE">AIRSSITEID</attalias><attrtype Sync="TRUE">String</attrtype><attwidth Sync="TRUE">9</attwidth></attr>
			<attr>
				<attrlabl Sync="TRUE">SITENAME</attrlabl>
				<attalias Sync="TRUE">SITENAME</attalias><attrtype Sync="TRUE">String</attrtype><attwidth Sync="TRUE">40</attwidth></attr>
			<attr>
				<attrlabl Sync="TRUE">SITEADDRES</attrlabl>
				<attalias Sync="TRUE">SITEADDRES</attalias><attrtype Sync="TRUE">String</attrtype><attwidth Sync="TRUE">62</attwidth></attr>
			<attr>
				<attrlabl Sync="TRUE">ZIPCODE</attrlabl>
				<attalias Sync="TRUE">ZIPCODE</attalias><attrtype Sync="TRUE">String</attrtype><attwidth Sync="TRUE">5</attwidth></attr>
			<attr>
				<attrlabl Sync="TRUE">AIRBASIN</attrlabl>
				<attalias Sync="TRUE">AIRBASIN</attalias><attrtype Sync="TRUE">String</attrtype><attwidth Sync="TRUE">22</attwidth></attr>
			<attr>
				<attrlabl Sync="TRUE">COUNTY</attrlabl>
				<attalias Sync="TRUE">COUNTY</attalias><attrtype Sync="TRUE">String</attrtype><attwidth Sync="TRUE">15</attwidth></attr>
			<attr>
				<attrlabl Sync="TRUE">AIRDISTRIC</attrlabl>
				<attalias Sync="TRUE">AIRDISTRIC</attalias><attrtype Sync="TRUE">String</attrtype><attwidth Sync="TRUE">32</attwidth></attr>
			<attr>
				<attrlabl Sync="TRUE">LONGITUDE</attrlabl>
				<attalias Sync="TRUE">LONGITUDE</attalias><attrtype Sync="TRUE">Number</attrtype><attwidth Sync="TRUE">11</attwidth><atnumdec Sync="TRUE">6</atnumdec></attr>
			<attr><attrlabl Sync="TRUE">LATITUDE</attrlabl><attalias Sync="TRUE">LATITUDE</attalias><attrtype Sync="TRUE">Number</attrtype><attwidth Sync="TRUE">9</attwidth><atnumdec Sync="TRUE">6</atnumdec></attr><attr><attrlabl Sync="TRUE">X_COORD</attrlabl><attalias Sync="TRUE">X_COORD</attalias><attrtype Sync="TRUE">Number</attrtype><attwidth Sync="TRUE">18</attwidth><atnumdec Sync="TRUE">5</atnumdec></attr><attr><attrlabl Sync="TRUE">Y_COORD</attrlabl><attalias Sync="TRUE">Y_COORD</attalias><attrtype Sync="TRUE">Number</attrtype><attwidth Sync="TRUE">18</attwidth><atnumdec Sync="TRUE">5</atnumdec></attr></detailed>
	</eainfo>
	<distinfo>
		<resdesc Sync="TRUE">Downloadable Data</resdesc>
		<stdorder>
			<digform>
				<digtinfo>
					<transize Sync="TRUE">0.093</transize>
					<dssize Sync="TRUE">0.093</dssize></digtinfo>
			</digform>
		</stdorder>
	</distinfo>
	<metainfo>
		<metd Sync="TRUE">20041027</metd>
		<metc>
			<cntinfo>
				<cntorgp>
					<cntorg>California Air Resources Board</cntorg>
					<cntper>Pheng Timothy Lee</cntper>
				</cntorgp>
				<cntpos>Air Pollution Specialist</cntpos>
				<cntaddr>
					<addrtype>REQUIRED: The mailing and/or physical address for the organization or individual.</addrtype>
					<city>REQUIRED: The city of the address.</city>
					<state>REQUIRED: The state or province of the address.</state>
					<postal>REQUIRED: The ZIP or other postal code of the address.</postal>
				</cntaddr>
				<cntvoice>916-445-6059</cntvoice>
				<cntemail>plee@arb.ca.gov</cntemail>
				<hours>M-F 8-5</hours>
			</cntinfo>
		</metc>
		<metstdn Sync="TRUE">FGDC Content Standards for Digital Geospatial Metadata</metstdn>
		<metstdv Sync="TRUE">FGDC-STD-001-1998</metstdv>
		<mettc Sync="TRUE">local time</mettc>
		<langmeta Sync="TRUE">en</langmeta><metextns><onlink Sync="TRUE">http://www.esri.com/metadata/esriprof80.html</onlink><metprof Sync="TRUE">ESRI Metadata Profile</metprof></metextns></metainfo>
	<Esri><MetaID>{499508F3-8428-41D5-B398-7A5910802CF4}</MetaID><CreaDate>20041027</CreaDate><CreaTime>15441200</CreaTime><SyncOnce>FALSE</SyncOnce><SyncDate>20041027</SyncDate><SyncTime>15441200</SyncTime><ModDate>20041027</ModDate><ModTime>15474000</ModTime></Esri><dataqual><lineage><procstep><procdesc Sync="TRUE">Metadata imported.</procdesc><srcused Sync="TRUE">C:\Documents and Settings\tuser\Local Settings\Temp\xml684.tmp</srcused><date Sync="TRUE">20041027</date><time Sync="TRUE">15441200</time></procstep></lineage><complete>As good as it gets.  Data is obtianed from CARB database ADAM.</complete></dataqual><dataIdInfo><envirDesc Sync="TRUE">Microsoft Windows 2000 Version 5.0 (Build 2195) Service Pack 2; ESRI ArcCatalog 8.2.0.700</envirDesc><dataLang><languageCode Sync="TRUE" value="en"></languageCode></dataLang><idCitation><resTitle Sync="TRUE">airmonitoringstations</resTitle><presForm><PresFormCd Sync="TRUE" value="005"></PresFormCd></presForm></idCitation><spatRpType><SpatRepTypCd Sync="TRUE" value="001"></SpatRepTypCd></spatRpType><geoBox esriExtentType="native"><westBL Sync="TRUE">-351221.05889</westBL><eastBL Sync="TRUE">501013.905242</eastBL><northBL Sync="TRUE">423840.892732</northBL><southBL Sync="TRUE">-624485.505423</southBL><exTypeCode Sync="TRUE">1</exTypeCode></geoBox><geoBox esriExtentType="decdegrees"><westBL Sync="TRUE">-124.218186</westBL><eastBL Sync="TRUE">-113.986895</eastBL><northBL Sync="TRUE">41.834014</northBL><southBL Sync="TRUE">32.265493</southBL><exTypeCode Sync="TRUE">1</exTypeCode></geoBox></dataIdInfo><mdLang><languageCode Sync="TRUE" value="en"></languageCode></mdLang><mdStanName Sync="TRUE">ISO 19115 Geographic Information - Metadata</mdStanName><mdStanVer Sync="TRUE">DIS_ESRI1.0</mdStanVer><mdChar><CharSetCd Sync="TRUE" value="004"></CharSetCd></mdChar><mdHrLv><ScopeCd Sync="TRUE" value="005"></ScopeCd></mdHrLv><mdHrLvName Sync="TRUE">dataset</mdHrLvName><distInfo><distributor><distorTran><onLineSrc><orDesc Sync="TRUE">002</orDesc><linkage Sync="TRUE">file://\\CLUSTER_USERSD_SERVER\USERSD\PTSD\BRANCH\AQDB\SHARED\DataMgt\Staff\Pheng\NAMSLAMS2002-2004\airmonitoringstations.shp</linkage><protocol Sync="TRUE">Local Area Network</protocol></onLineSrc><transSize Sync="TRUE">0.093</transSize></distorTran><distorFormat><formatName Sync="TRUE">Shapefile</formatName></distorFormat></distributor></distInfo><refSysInfo><RefSystem><refSysID><identCode Sync="TRUE">Custom</identCode></refSysID></RefSystem></refSysInfo><spatRepInfo><VectSpatRep><topLvl><TopoLevCd Sync="TRUE" value="001"></TopoLevCd></topLvl><geometObjs Name="airmonitoringstations"><geoObjTyp><GeoObjTypCd Sync="TRUE" value="004"></GeoObjTypCd></geoObjTyp><geoObjCnt Sync="TRUE">296</geoObjCnt></geometObjs></VectSpatRep></spatRepInfo><mdDateSt Sync="TRUE">20041027</mdDateSt></metadata>
